{"Cephid 1": {"Epoch 49498.36270314": {"X": 433.0084383869458, "Y": 600.8581880430265, "FLUX": 0.14919123075937687, "MAG": 26.74198517656759, "MINF": 27.613262166442706, "MSUP": 26.26490833721902}, "Epoch 49503.38978645": {"X": 432.8993551258838, "Y": 600.8754488030241, "FLUX": 0.13367701599545087, "MAG": 26.861201562168443, "MINF": 27.765978117687407, "MSUP": 26.37463799956488}, "Epoch 49520.48770315": {"X": 432.8857175635214, "Y": 601.9837401056343, "FLUX": 0.20986027464638177, "MAG": 26.37151782607927, "MINF": 26.68688070006139, "MSUP": 26.127437187415556}, "Epoch 49522.49950873": {"X": 431.443711695201, "Y": 603.2160989977308, "FLUX": 0.12287467127590415, "MAG": 26.952687495854562, "MINF": 28.798476035662375, "MSUP": 26.304107367486864}, "Epoch 49476.24256429": {"X": 432.0433990722286, "Y": 602.0202866432044, "FLUX": 0.10717680015931974, "MAG": 27.101091451495773, "MINF": 29.112258366941106, "MSUP": 26.437200113731357}, "Epoch 49478.52173098": {"X": 432.2164502164502, "Y": 602.1991341991342, "FLUX": 0.0, "MAG": 0.0, "MINF": 0.0, "MSUP": false}, "Epoch 49488.5731198": {"X": 432.2237221676318, "Y": 602.1281700524668, "FLUX": 0.1782501676881662, "MAG": 26.54876855059862, "MINF": 27.022652974869516, "MSUP": 26.219976890343975}, "Epoch 49493.06478651": {"X": 432.1353538779675, "Y": 601.1583664711056, "FLUX": 0.11116756113686665, "MAG": 27.061398223453846, "MINF": 28.999872115126017, "MSUP": 26.403924476716334}}, "Cephid 2": {"Epoch 49498.36270314": {"X": 585.3765042889938, "Y": 340.15548109901613, "FLUX": 0.0, "MAG": 0.0, "MINF": 0.0, "MSUP": false}, "Epoch 49503.38978645": {"X": 579.3056631408089, "Y": 275.54142302045307, "FLUX": 0.18866807626889226, "MAG": 26.487097365211337, "MINF": 26.785269165912393, "MSUP": 26.253417047495137}, "Epoch 49520.48770315": {"X": 579.4588744588744, "Y": 280.46969696969694, "FLUX": 0.0, "MAG": 0.0, "MINF": 0.0, "MSUP": false}, "Epoch 49522.49950873": {"X": 579.5941558441558, "Y": 280.5508658008658, "FLUX": 0.10823382265318257, "MAG": 27.090435924973526, "MINF": 28.57571489931732, "MSUP": 26.485709440506994}, "Epoch 49476.24256429": {"X": 580.2063105190963, "Y": 279.1062807677092, "FLUX": 0.1315624174747827, "MAG": 26.87851380557168, "MINF": 27.691874301314343, "MSUP": 26.418757248788697}, "Epoch 49478.52173098": {"X": 579.8811608930699, "Y": 280.2829184880808, "FLUX": 0.0, "MAG": 0.0, "MINF": 0.0, "MSUP": false}, "Epoch 49488.5731198": {"X": 579.514720112082, "Y": 279.55475324907457, "FLUX": 0.1763499403989383, "MAG": 26.560405125248934, "MINF": 27.103309844171466, "MSUP": 26.200145643625866}, "Epoch 49493.06478651": {"X": 580.7034632034631, "Y": 281.17316017316017, "FLUX": 0.0, "MAG": 0.0, "MINF": 0.0, "MSUP": false}}, "Cephid 3": {"Epoch 49498.36270314": {"X": 418.0471116518958, "Y": 240.93397082172729, "FLUX": 0.3462422148624693, "MAG": 25.827893375261787, "MINF": 25.649215089738355, "MSUP": 26.041882952667308}, "Epoch 49503.38978645": {"X": 417.50391235261964, "Y": 241.4570129177892, "FLUX": 0.19941149911736597, "MAG": 26.42696792229842, "MINF": 26.40810097600177, "MSUP": 26.44616852797905}, "Epoch 49520.48770315": {"X": 417.3656412185547, "Y": 242.5678960457403, "FLUX": 0.0, "MAG": 0.0, "MINF": 0.0, "MSUP": false}, "Epoch 49522.49950873": {"X": 417.21932828227193, "Y": 242.8196681247923, "FLUX": 0.2448661329672292, "MAG": 26.204021611507255, "MINF": 26.119817427746444, "MSUP": 26.29530946539469}, "Epoch 49476.24256429": {"X": 418.00691199086936, "Y": 242.8122537736037, "FLUX": 0.14234180589923986, "MAG": 26.79301223969445, "MINF": 27.030914535273794, "MSUP": 26.597984097137196}, "Epoch 49478.52173098": {"X": 418.404761904762, "Y": 242.33549783549788, "FLUX": 0.15966801142737536, "MAG": 26.668298627215307, "MINF": 26.770023552646496, "MSUP": 26.575293389095823}, "Epoch 49488.5731198": {"X": 418.32359307359314, "Y": 242.0919913419914, "FLUX": 0.24146319745521044, "MAG": 26.219216050158412, "MINF": 26.185902520375723, "MSUP": 26.253584178974897}, "Epoch 49493.06478651": {"X": 417.30778061184463, "Y": 244.25753287700684, "FLUX": 1.4974257528270543, "MAG": 24.237980173607436, "MINF": 24.050771213901466, "MSUP": 24.464335732758766}}, "Cephid 4": {"Epoch 49498.36270314": {"X": 371.45465507662993, "Y": 348.5789441060524, "FLUX": 0.14195284185194082, "MAG": 26.795983189836146, "MINF": 26.921913606584805, "MSUP": 26.683152702774883}, "Epoch 49503.38978645": {"X": 370.56564298705655, "Y": 348.70158315315945, "FLUX": 0.11125689890093612, "MAG": 27.060526041949153, "MINF": 27.393738302803236, "MSUP": 26.805921558313425}, "Epoch 49520.48770315": {"X": 370.6793054610237, "Y": 349.87628544902884, "FLUX": 0.21676533121495267, "MAG": 26.33636885909281, "MINF": 26.250384620858753, "MSUP": 26.42975278071821}, "Epoch 49522.49950873": {"X": 369.5935341220963, "Y": 350.2300760457653, "FLUX": 0.1586678160487043, "MAG": 26.67512130825958, "MINF": 26.848875173520906, "MSUP": 26.52537580826724}, "Epoch 49476.24256429": {"X": 370.7294372294372, "Y": 349.8484848484848, "FLUX": 0.15728428654302806, "MAG": 26.684630076605536, "MINF": 26.85346830880395, "MSUP": 26.538548072440655}, "Epoch 49478.52173098": {"X": 371.69017610056864, "Y": 350.12995327823876, "FLUX": 0.14035236246820249, "MAG": 26.808294100176525, "MINF": 27.245676446501918, "MSUP": 26.497372961361414}, "Epoch 49488.5731198": {"X": 370.4280723987783, "Y": 349.7315030260096, "FLUX": 0.16434029191705762, "MAG": 26.636983283126092, "MINF": 26.630440122556507, "MSUP": 26.643566115079427}, "Epoch 49493.06478651": {"X": 371.0544931415249, "Y": 349.22559702442993, "FLUX": 0.0818405617612743, "MAG": 27.39392191393031, "MINF": 28.327842380324228, "MSUP": 26.899404010430302}}, "Cephid 5": {"Epoch 49498.36270314": {"X": 389.74203117263914, "Y": 346.16681020955366, "FLUX": 0.36843066749361286, "MAG": 25.760453986045434, "MINF": 25.624922522679405, "MSUP": 25.91534964554216}, "Epoch 49503.38978645": {"X": 389.72750019557736, "Y": 346.6021407195559, "FLUX": 0.3272320462820874, "MAG": 25.88920384797381, "MINF": 25.80362199863838, "MSUP": 25.982113289633308}, "Epoch 49520.48770315": {"X": 389.3348385104402, "Y": 347.6740506013014, "FLUX": 0.4019527693760186, "MAG": 25.665905855279203, "MINF": 25.572466247431496, "MSUP": 25.768150707834348}, "Epoch 49522.49950873": {"X": 388.99159247043593, "Y": 347.90706176977613, "FLUX": 0.5544386598766765, "MAG": 25.316709655491525, "MINF": 25.132278946308936, "MSUP": 25.539011709507964}, "Epoch 49476.24256429": {"X": 389.56399289968044, "Y": 347.70283573722327, "FLUX": 0.40000007653534125, "MAG": 25.671193232248193, "MINF": 25.468778919120293, "MSUP": 25.920194621256584}, "Epoch 49478.52173098": {"X": 389.77828860722127, "Y": 347.5629430086706, "FLUX": 0.2845735404182165, "MAG": 26.04085712574795, "MINF": 25.88456013311475, "MSUP": 26.223499469873087}, "Epoch 49488.5731198": {"X": 389.60479367427513, "Y": 347.1366076765229, "FLUX": 0.5112081488483334, "MAG": 25.40484899825768, "MINF": 25.19581587489772, "MSUP": 25.663958982230948}, "Epoch 49493.06478651": {"X": 389.6885174060677, "Y": 346.3079221697694, "FLUX": 0.44169940802383045, "MAG": 25.563526375293876, "MINF": 25.421379705745874, "MSUP": 25.727127216079417}}, "Cephid 6": {"Epoch 49498.36270314": {"X": 348.021238107401, "Y": 310.04762383400765, "FLUX": 0.15553692888677007, "MAG": 26.69675961966828, "MINF": 26.80920562286689, "MSUP": 26.594874101474726}, "Epoch 49503.38978645": {"X": 347.54004329004334, "Y": 310.7121212121212, "FLUX": 0.10117444649479698, "MAG": 27.16366632548187, "MINF": 28.93004344509682, "MSUP": 26.52339954947383}, "Epoch 49520.48770315": {"X": 347.44139728813445, "Y": 311.5307072619359, "FLUX": 0.0, "MAG": 0.0, "MINF": 0.0, "MSUP": false}, "Epoch 49522.49950873": {"X": 347.27989639500413, "Y": 311.69902265700773, "FLUX": 0.13202461107462599, "MAG": 26.87470617632655, "MINF": 27.154743575073958, "MSUP": 26.652288621058737}, "Epoch 49476.24256429": {"X": 348.1162211248342, "Y": 311.9132242552846, "FLUX": 0.1745880030625659, "MAG": 26.571307424450964, "MINF": 26.543948025313966,