{"Cephid 1": {"Epoch 49498.36270314": {"X": 401.39871302081343, "Y": 636.2720632115455, "FLUX": 1.7836291032115243, "MAG": 24.048082043175985, "MINF": 23.947244910260522, "MSUP": 24.159252228526096}, "Epoch 49503.38978645": {"X": 401.08587726713506, "Y": 636.6621439194183, "FLUX": 1.78057603086489, "MAG": 24.049942111195946, "MINF": 23.946089820481696, "MSUP": 24.164788937878008}, "Epoch 49520.48770315": {"X": 399.5434076896021, "Y": 637.1211447492899, "FLUX": 2.429084951026062, "MAG": 23.712736659790707, "MINF": 23.60486576805141, "MSUP": 23.832519146800102}, "Epoch 49522.49950873": {"X": 422.38157081014225, "Y": 615.888270459699, "FLUX": 1.0581489260479897, "MAG": 24.6149764295707, "MINF": 24.505001807934125, "MSUP": 24.73735902862441}, "Epoch 49476.24256429": {"X": 400.7398486869932, "Y": 637.6317934451691, "FLUX": 1.8752884584347664, "MAG": 23.993673216457097, "MINF": 23.878522333853972, "MSUP": 24.12250171095375}, "Epoch 49478.52173098": {"X": 401.30972123767503, "Y": 637.5695105677124, "FLUX": 1.8423338026435976, "MAG": 24.012922617078743, "MINF": 23.899227414725775, "MSUP": 24.139931399638847}, "Epoch 49488.5731198": {"X": 420.7828318501806, "Y": 624.2888482389352, "FLUX": 0.2924052010731758, "MAG": 26.011380685205157, "MINF": 26.022567117154267, "MSUP": 26.0003083336297}, "Epoch 49493.06478651": {"X": 403.3328594864739, "Y": 614.392027947903, "FLUX": 0.0, "MAG": 0.0, "MINF": 0.0, "MSUP": false}}, "Cephid 2": {"Epoch 49498.36270314": {"X": 594.522706740963, "Y": 250.92705915991937, "FLUX": 0.21048406731575214, "MAG": 26.368295350052037, "MINF": 26.888040869655622, "MSUP": 26.018272182150582}, "Epoch 49503.38978645": {"X": 594.3708582638429, "Y": 251.6212689288291, "FLUX": 0.29864028566703915, "MAG": 25.98847243744425, "MINF": 26.16826401044647, "MSUP": 25.834266545996947}, "Epoch 49520.48770315": {"X": 592.88227760799, "Y": 256.03701540224534, "FLUX": 1.083666257512037, "MAG": 24.58910454130599, "MINF": 24.513355004069894, "MSUP": 24.670537997886907}, "Epoch 49522.49950873": {"X": 593.754864122927, "Y": 253.62796974716028, "FLUX": 0.2563165012252418, "MAG": 26.154402002729668, "MINF": 26.480646500025316, "MSUP": 25.90387297164133}, "Epoch 49476.24256429": {"X": 593.6904873019555, "Y": 252.91004798130186, "FLUX": 0.2748613633424628, "MAG": 26.078559177527904, "MINF": 26.334559543186636, "MSUP": 25.871551296050093}, "Epoch 49478.52173098": {"X": 594.7847595241788, "Y": 251.38276782208925, "FLUX": 0.2956889167445393, "MAG": 25.999255802691543, "MINF": 26.207532790306388, "MSUP": 25.82457427670396}, "Epoch 49488.5731198": {"X": 594.0325114903574, "Y": 252.9077626169802, "FLUX": 0.26233628358503924, "MAG": 26.129197513880612, "MINF": 26.446468520169912, "MSUP": 25.883978666656606}, "Epoch 49493.06478651": {"X": 625.6591998591896, "Y": 269.58218566515654, "FLUX": 0.0, "MAG": 0.0, "MINF": 0.0, "MSUP": false}}, "Cephid 3": {"Epoch 49498.36270314": {"X": 561.8284726575049, "Y": 257.44575251669914, "FLUX": 0.2531968729031176, "MAG": 26.16769757420237, "MINF": 26.372442191880065, "MSUP": 25.995505405403325}, "Epoch 49503.38978645": {"X": 562.0574590271632, "Y": 258.05614032864383, "FLUX": 0.22876045756722532, "MAG": 26.277891026930092, "MINF": 26.46342265892129, "MSUP": 26.11948436031694}, "Epoch 49520.48770315": {"X": 560.6188330993309, "Y": 258.6927458186642, "FLUX": 0.34769443431352637, "MAG": 25.82334907128561, "MINF": 25.862591090833234, "MSUP": 25.78547604912667}, "Epoch 49522.49950873": {"X": 561.1722769594876, "Y": 259.29361760878675, "FLUX": 0.2885259542941498, "MAG": 26.02588120300682, "MINF": 26.149979522051524, "MSUP": 25.914523385269845}, "Epoch 49476.24256429": {"X": 571.2942382519439, "Y": 253.4259637944337, "FLUX": 2.272950069826431, "MAG": 23.784868679237334, "MINF": 23.64745036397222, "MSUP": 23.942234811600606}, "Epoch 49478.52173098": {"X": 561.7755849088495, "Y": 259.03716597052517, "FLUX": 0.21848512005016962, "MAG": 26.327788756694318, "MINF": 26.56574208108123, "MSUP": 26.132726366848786}, "Epoch 49488.5731198": {"X": 560.3535409401468, "Y": 260.1714451398244, "FLUX": 0.3541439560386736, "MAG": 25.80339383242196, "MINF": 25.83333914184272, "MSUP": 25.774252314566862}, "Epoch 49493.06478651": {"X": 562.000017247563, "Y": 258.0001538836513, "FLUX": 0.26475177755461465, "MAG": 26.11924620665905, "MINF": 26.27524113959705, "MSUP": 25.982874225453102}}, "Cephid 4": {"Epoch 49498.36270314": {"X": 438.403691287027, "Y": 259.6056382841707, "FLUX": 2.8343054075746013, "MAG": 23.54522680487503, "MINF": 23.44494861630899, "MSUP": 23.655717905613464}, "Epoch 49503.38978645": {"X": 438.2852540857836, "Y": 260.2078782966695, "FLUX": 2.688004894469915, "MAG": 23.602768280385476, "MINF": 23.49277638628901, "MSUP": 23.725172274070875}, "Epoch 49520.48770315": {"X": 437.78363015792775, "Y": 261.2137407939188, "FLUX": 2.7121723140723937, "MAG": 23.59305022240178, "MINF": 23.49468367151837, "MSUP": 23.701224634831}, "Epoch 49522.49950873": {"X": 437.8477943021108, "Y": 261.5490432208301, "FLUX": 2.6953468476540947, "MAG": 23.599806768780848, "MINF": 23.497258521944083, "MSUP": 23.71306068103142}, "Epoch 49476.24256429": {"X": 437.97795663019383, "Y": 261.10937757386216, "FLUX": 2.6890200066921186, "MAG": 23.602358334690635, "MINF": 23.49847800560346, "MSUP": 23.7172394574873}, "Epoch 49478.52173098": {"X": 438.47745998529365, "Y": 261.07428475467196, "FLUX": 2.764718714739421, "MAG": 23.572216037482928, "MINF": 23.46559514814872, "MSUP": 23.6904589019445}, "Epoch 49488.5731198": {"X": 438.14169889714884, "Y": 260.60014031794054, "FLUX": 2.7677405065214655, "MAG": 23.571029993831793, "MINF": 23.470635886101288, "MSUP": 23.681661865926817}, "Epoch 49493.06478651": {"X": 417.0830726424566, "Y": 244.07773587848058, "FLUX": 1.5011394682353199, "MAG": 24.235290809169946, "MINF": 24.04790268100922, "MSUP": 24.461908654645057}}, "Cephid 5": {"Epoch 49498.36270314": {"X": 389.99495366060125, "Y": 346.0086013861125, "FLUX": 0.3761996357084102, "MAG": 25.73779749164347, "MINF": 25.59252726662142, "MSUP": 25.90555172998565}, "Epoch 49503.38978645": {"X": 390.0012151798626, "Y": 346.9938056753194, "FLUX": 0.31362875952289143, "MAG": 25.935303717516263, "MINF": 25.865757387436858, "MSUP": 26.009611539872754}, "Epoch 49520.48770315": {"X": 388.86621315192747, "Y": 347.6800659657803, "FLUX": 0.4001037216011345, "MAG": 25.670911940742595, "MINF": 25.57942290888362, "MSUP": 25.77082558931194}, "Epoch 49522.49950873": {"X": 388.998006460992, "Y": 347.97089945737633, "FLUX": 0.5534138835494916, "MAG": 25.318718292984208, "MINF": 25.13421616044661, "MSUP": 25.54112423572517}, "Epoch 49476.24256429": {"X": 390.00410754793063, "Y": 347.9742628232956, "FLUX": 0.4051496855085331, "MAG": 25.657304652989612, "MINF": 25.45649838213128, "MSUP": 25.903873526707983}, "Epoch 49478.52173098": {"X": 389.90290238172446, "Y": 347.8994493997778, "FLUX": 0.2708964658512018, "MAG": 26.09433507028455, "MINF": 25.96178593480123, "MSUP": 26.24534607217756}, "Epoch 49488.5731198": {"X": 389.970723490248, "Y": 347.0051302881029, "FLUX": 0.5114447213214832, "MAG": 25.40434666689731, "MINF": 25.19852767067883, "MSUP": 25.658528413609368}, "Epoch 49493.06478651": {"X": 390.00022765592087, "Y": 345.99989647231024, "FLUX": 0.43092645411533786, "MAG": 25.590335528856773, "MINF": 25.44529184076883, "MSUP": 25.757787602960928}}, "Cephid 6": {"Epoch 49498.36270314": {"X": 371.0000653285782, "Y": 347.99998742365767, "FLUX": 0.1439024928855183, "MAG": 26.781172624625782, "MINF": 26.90945064677763, "MSUP": 26.666461629732414}, "Epoch 49503.38978645": {"X": 370.9999807149753, "Y": 348.0000258527543, "FLUX": 0.09900865820246144, "MAG": 27.187160481182477, "MINF": 27.75087130819431, "MSUP": 26.81796829791841}, "Epoch 49520.48770315": {"X": 371.38157081014225, "Y": 349.90702947845807, "FLUX": 0.19793206545165826, "MAG": 26.43505302677379, "MINF": 26.395949385579648, "MSUP": 26.475617804078013}, "Epoch 49522.49950873": {"X": 370.9486048816054, "Y": 349.8963181486957, "FLUX": 0.12615471919534077,