{"Cephid 1": {"Epoch 49498.36270314": {"X": 442.9127537057414, "Y": 630.024154324921, "FLUX": 0.21337260230653785, "MAG": 26.353496783483173, "MINF": 26.535934078726456, "MSUP": 26.19734988117526}, "Epoch 49503.38978645": {"X": 442.33272449719743, "Y": 630.694602750686, "FLUX": 0.2668891015088899, "MAG": 26.110516319278673, "MINF": 26.138580754120284, "MSUP": 26.083159061418563}, "Epoch 49520.48770315": {"X": 442.17728334871833, "Y": 631.987804981904, "FLUX": 0.23181059589557926, "MAG": 26.263510209886977, "MINF": 26.443641116733676, "MSUP": 26.10905491040272}, "Epoch 49522.49950873": {"X": 441.69172164667236, "Y": 632.0032022723748, "FLUX": 0.3158122274636087, "MAG": 25.927771066312364, "MINF": 25.931055278603832, "MSUP": 25.924496758388507}, "Epoch 49476.24256429": {"X": 442.1863929795891, "Y": 631.4879026815813, "FLUX": 0.23946915008546973, "MAG": 26.228219486258343, "MINF": 26.371950472875984, "MSUP": 26.101310526031416}, "Epoch 49478.52173098": {"X": 442.84337309946716, "Y": 631.2864867259062, "FLUX": 0.25122169118809784, "MAG": 26.17620058108014, "MINF": 26.262267982180017, "MSUP": 26.096457557250055}, "Epoch 49488.5731198": {"X": 442.59655681270306, "Y": 631.2176354863436, "FLUX": 0.243648335308207, "MAG": 26.209434797127045, "MINF": 26.370928900875946, "MSUP": 26.068880523960466}, "Epoch 49493.06478651": {"X": 442.5617678531307, "Y": 630.3250441961512, "FLUX": 0.23600836462699643, "MAG": 26.244024929456007, "MINF": 26.343200519445816, "MSUP": 26.153155055194798}}, "Cephid 2": {"Epoch 49498.36270314": {"X": 561.7555203111631, "Y": 257.40934651877484, "FLUX": 0.2565963615374, "MAG": 26.153217183531716, "MINF": 26.34745585961107, "MSUP": 25.98851118194677}, "Epoch 49503.38978645": {"X": 561.8983160198851, "Y": 256.95108568035636, "FLUX": 0.26381149331857245, "MAG": 26.123109137630692, "MINF": 26.20279335743048, "MSUP": 26.048875353311907}, "Epoch 49520.48770315": {"X": 560.5024477539691, "Y": 258.87061129539103, "FLUX": 0.3493831870190728, "MAG": 25.818088413119977, "MINF": 25.850222379298177, "MSUP": 25.786878224062598}, "Epoch 49522.49950873": {"X": 561.1018240821255, "Y": 259.0072818805161, "FLUX": 0.2879124801864077, "MAG": 26.028192191522106, "MINF": 26.164181512059464, "MSUP": 25.907355368426554}, "Epoch 49476.24256429": {"X": 570.9607723650845, "Y": 253.0601924851173, "FLUX": 2.2133667304335223, "MAG": 23.813709974084485, "MINF": 23.67561747313981, "MSUP": 23.971961232573516}, "Epoch 49478.52173098": {"X": 560.8988697481636, "Y": 258.12234322943283, "FLUX": 0.275014196869279, "MAG": 26.077955634073184, "MINF": 26.18214031632441, "MSUP": 25.982898771532486}, "Epoch 49488.5731198": {"X": 560.2938726432487, "Y": 260.01792811335235, "FLUX": 0.3603042256387868, "MAG": 25.784670029443394, "MINF": 25.80938294972517, "MSUP": 25.7605071151207}, "Epoch 49493.06478651": {"X": 561.1321199501361, "Y": 257.31630800990973, "FLUX": 0.298402026518922, "MAG": 25.989338997792412, "MINF": 26.136355549025765, "MSUP": 25.85987624141854}}, "Cephid 3": {"Epoch 49498.36270314": {"X": 418.04080980852564, "Y": 240.93252598138008, "FLUX": 0.3460996380346157, "MAG": 25.828340555583186, "MINF": 25.64967352213743, "MSUP": 26.042313978456548}, "Epoch 49503.38978645": {"X": 417.5504274414562, "Y": 241.4240974455812, "FLUX": 0.19953583282095075, "MAG": 26.426291173279104, "MINF": 26.407911652419408, "MSUP": 26.44498719108807}, "Epoch 49520.48770315": {"X": 410.2567522917543, "Y": 238.20181294239086, "FLUX": 1.497762981855558, "MAG": 24.2377356869994, "MINF": 24.059122502858326, "MSUP": 24.451631804433635}, "Epoch 49522.49950873": {"X": 417.17698595336725, "Y": 243.45899992912837, "FLUX": 0.2824012881802052, "MAG": 26.049176734738776, "MINF": 25.92970656750863, "MSUP": 26.183437152792546}, "Epoch 49476.24256429": {"X": 419.10822510822516, "Y": 241.10173160173161, "FLUX": 0.09799623303820366, "MAG": 27.198319963828915, "MINF": 27.840305946492478, "MSUP": 26.79760804568015}, "Epoch 49478.52173098": {"X": 419.45964488594524, "Y": 244.15718687402122, "FLUX": 0.18192618226717527, "MAG": 26.526605403529036, "MINF": 26.602229715566974, "MSUP": 26.455907260003496}, "Epoch 49488.5731198": {"X": 416.092612834185, "Y": 246.5487067092377, "FLUX": 0.47909436224406354, "MAG": 25.475290767520836, "MINF": 25.32614202336448, "MSUP": 25.648241261337215}, "Epoch 49493.06478651": {"X": 417.1072781486238, "Y": 244.11188247312685, "FLUX": 1.5026047635804471, "MAG": 24.234231515028842, "MINF": 24.0469401098213, "MSUP": 24.460707753650926}}, "Cephid 4": {"Epoch 49498.36270314": {"X": 414.0265738298746, "Y": 330.6688701369328, "FLUX": 0.19105213876077554, "MAG": 26.473463658751115, "MINF": 26.908092699261967, "MSUP": 26.163927236059752}, "Epoch 49503.38978645": {"X": 414.64915399884063, "Y": 331.7374139478622, "FLUX": 0.1850154453108106, "MAG": 26.508323454962166, "MINF": 26.789175339487485, "MSUP": 26.285393467807765}, "Epoch 49520.48770315": {"X": 413.8937578103921, "Y": 332.9591769528986, "FLUX": 0.10393437012278284, "MAG": 27.13444544724473, "MINF": 29.44648648651687, "MSUP": 26.448416012002156}, "Epoch 49522.49950873": {"X": 413.9543016440175, "Y": 332.9981301448842, "FLUX": 0.10454691206302846, "MAG": 27.12806539366672, "MINF": 29.084777251661578, "MSUP": 26.468937310027087}, "Epoch 49476.24256429": {"X": 414.00862984795754, "Y": 332.9458167081738, "FLUX": 0.15295510972334356, "MAG": 26.714933443554834, "MINF": 27.303427743306482, "MSUP": 26.335413965008218}, "Epoch 49478.52173098": {"X": 414.25117577648376, "Y": 332.82646563482496, "FLUX": 0.15069831700250488, "MAG": 26.73107241294927, "MINF": 27.44095898212779, "MSUP": 26.305455043971854}, "Epoch 49488.5731198": {"X": 413.9648905605283, "Y": 332.0238747978867, "FLUX": 0.13924006594526014, "MAG": 26.816932867566557, "MINF": 27.588217703144064, "MSUP": 26.3705390728905}, "Epoch 49493.06478651": {"X": 414.293153858571, "Y": 331.30125259931947, "FLUX": 0.12270179738674006, "MAG": 26.954216107063516, "MINF": 28.556319497643923, "MSUP": 26.33345109916772}}, "Cephid 5": {"Epoch 49498.36270314": {"X": 389.685149476877, "Y": 346.2333534351767, "FLUX": 0.365200767190072, "MAG": 25.770014215308848, "MINF": 25.637787893721256, "MSUP": 25.920606203804315}, "Epoch 49503.38978645": {"X": 389.6316790428403, "Y": 346.56015064697783, "FLUX": 0.3281370558841044, "MAG": 25.886205225329256, "MINF": 25.795149601349763, "MSUP": 25.98560213893852}, "Epoch 49520.48770315": {"X": 389.4201130350121, "Y": 347.60219407207757, "FLUX": 0.40062869309327986, "MAG": 25.669488292525806, "MINF": 25.57936755317601, "MSUP": 25.76777211830453}, "Epoch 49522.49950873": {"X": 388.991715210155, "Y": 347.9093901863032, "FLUX": 0.5544042648681912, "MAG": 25.31677701202175, "MINF": 25.132345959027777, "MSUP": 25.5390795660883}, "Epoch 49476.24256429": {"X": 389.5638895907971, "Y": 347.70990102747794, "FLUX": 0.3999406995230792, "MAG": 25.67135441361059, "MINF": 25.46913398990163, "MSUP": 25.920062022193655}, "Epoch 49478.52173098": {"X": 389.6894204513661, "Y": 347.5512072835081, "FLUX": 0.2835267022303315, "MAG": 26.044858501991904, "MINF": 25.892460675686255, "MSUP": 26.2221955892916}, "Epoch 49488.5731198": {"X": 389.5800683785649, "Y": 347.17403189468536, "FLUX": 0.5109927782276589, "MAG": 25.405306512387387, "MINF": 25.1962680176992, "MSUP": 25.664424763241193}, "Epoch 49493.06478651": {"X": 389.648689115925, "Y": 346.356347910894, "FLUX": 0.44291838252764903, "MAG": 25.56053415514347, "MINF": 25.417994309940482, "MSUP": 25.724656272867275}}, "Cephid 6": {"Epoch 49498.36270314": {"X": 246.77432099922055, "Y": 241.2995558231127, "FLUX": 0.9437832049155376, "MAG": 24.73916280682945, "MINF": 24.534701601695062, "MSUP": 24.99127370905959}, "Epoch 49503.38978645": {"X": 246.61125489809714, "Y": 241.72874468357952, "FLUX": 1.030843201429238, "MAG": 24.643361890729786, "MINF": 24.421025424847027, "MSUP": 24.923270492992074}, "Epoch 49520.48770315": {"X": 246.26107355699878, "Y": 242.76809244696793, "FLUX": 1.0528555863858164, "MAG": 24.62042140377772, "MINF": 24.411368653896698,